<?xml version='1.0' encoding='UTF-8'?>
<DEFECTS><DEFECT><SFA><FILEPATH>c:\users\aliosha\documents\visual studio 2012\projects\understandapi-76924\managed\managedapi\derived\</FILEPATH><FILENAME>fileentity.cpp</FILENAME><LINE>151</LINE><COLUMN>14</COLUMN></SFA><DEFECTCODE>6011</DEFECTCODE><DESCRIPTION>Dereferencing NULL pointer 'result'. </DESCRIPTION><FUNCTION>ManagedAPI::FileEntity::GetFileRefs</FUNCTION><DECORATED>?GetFileRefs@FileEntity@ManagedAPI@@$$FAE$AAMP$01EAPEAUUdbEntity_@@PEAD0@Z</DECORATED><FUNCLINE>105</FUNCLINE><PROBABILITY>1</PROBABILITY><RANK>4</RANK><CATEGORY><RULECATEGORY>mspft</RULECATEGORY></CATEGORY><PATH><SFA><FILEPATH>c:\users\aliosha\documents\visual studio 2012\projects\understandapi-76924\managed\managedapi\derived\</FILEPATH><FILENAME>fileentity.cpp</FILENAME><LINE>130</LINE><COLUMN>12</COLUMN></SFA><SFA><FILEPATH>c:\users\aliosha\documents\visual studio 2012\projects\understandapi-76924\managed\managedapi\derived\</FILEPATH><FILENAME>fileentity.cpp</FILENAME><LINE>132</LINE><COLUMN>16</COLUMN></SFA><SFA><FILEPATH>c:\users\aliosha\documents\visual studio 2012\projects\understandapi-76924\managed\managedapi\derived\</FILEPATH><FILENAME>fileentity.cpp</FILENAME><LINE>133</LINE><COLUMN>6</COLUMN></SFA><SFA><FILEPATH>c:\users\aliosha\documents\visual studio 2012\projects\understandapi-76924\managed\managedapi\derived\</FILEPATH><FILENAME>fileentity.cpp</FILENAME><LINE>134</LINE><COLUMN>22</COLUMN></SFA><SFA><FILEPATH>c:\users\aliosha\documents\visual studio 2012\projects\understandapi-76924\managed\managedapi\derived\</FILEPATH><FILENAME>fileentity.cpp</FILENAME><LINE>135</LINE><COLUMN>15</COLUMN></SFA><SFA><FILEPATH>c:\users\aliosha\documents\visual studio 2012\projects\understandapi-76924\managed\managedapi\derived\</FILEPATH><FILENAME>fileentity.cpp</FILENAME><LINE>137</LINE><COLUMN>6</COLUMN></SFA><SFA><FILEPATH>c:\users\aliosha\documents\visual studio 2012\projects\understandapi-76924\managed\managedapi\derived\</FILEPATH><FILENAME>fileentity.cpp</FILENAME><LINE>139</LINE><COLUMN>24</COLUMN></SFA><SFA><FILEPATH>c:\users\aliosha\documents\visual studio 2012\projects\understandapi-76924\managed\managedapi\derived\</FILEPATH><FILENAME>fileentity.cpp</FILENAME><LINE>141</LINE><COLUMN>20</COLUMN></SFA><SFA><FILEPATH>c:\users\aliosha\documents\visual studio 2012\projects\understandapi-76924\managed\managedapi\derived\</FILEPATH><FILENAME>fileentity.cpp</FILENAME><LINE>142</LINE><COLUMN>20</COLUMN></SFA><SFA><FILEPATH>c:\users\aliosha\documents\visual studio 2012\projects\understandapi-76924\managed\managedapi\derived\</FILEPATH><FILENAME>fileentity.cpp</FILENAME><LINE>144</LINE><COLUMN>10</COLUMN></SFA><SFA><FILEPATH>c:\users\aliosha\documents\visual studio 2012\projects\understandapi-76924\managed\managedapi\derived\</FILEPATH><FILENAME>fileentity.cpp</FILENAME><LINE>145</LINE><COLUMN>16</COLUMN><KEYEVENT><ID>1</ID><KIND>declaration</KIND><IMPORTANCE>Essential</IMPORTANCE><MESSAGE>'result' may be NULL</MESSAGE></KEYEVENT></SFA><SFA><FILEPATH>c:\users\aliosha\documents\visual studio 2012\projects\understandapi-76924\managed\managedapi\derived\</FILEPATH><FILENAME>fileentity.cpp</FILENAME><LINE>146</LINE><COLUMN>12</COLUMN></SFA><SFA><FILEPATH>c:\users\aliosha\documents\visual studio 2012\projects\understandapi-76924\managed\managedapi\derived\</FILEPATH><FILENAME>fileentity.cpp</FILENAME><LINE>146</LINE><COLUMN>21</COLUMN><KEYEVENT><ID>2</ID><KIND>branch</KIND><IMPORTANCE>Full</IMPORTANCE><MESSAGE>Enter this loop, (assume 'j&lt;numRefs')</MESSAGE></KEYEVENT></SFA><SFA><FILEPATH>c:\users\aliosha\documents\visual studio 2012\projects\understandapi-76924\managed\managedapi\derived\</FILEPATH><FILENAME>fileentity.cpp</FILENAME><LINE>148</LINE><COLUMN>17</COLUMN></SFA><SFA><FILEPATH>c:\users\aliosha\documents\visual studio 2012\projects\understandapi-76924\managed\managedapi\derived\</FILEPATH><FILENAME>fileentity.cpp</FILENAME><LINE>149</LINE><COLUMN>17</COLUMN></SFA><SFA><FILEPATH>c:\users\aliosha\documents\visual studio 2012\projects\understandapi-76924\managed\managedapi\derived\</FILEPATH><FILENAME>fileentity.cpp</FILENAME><LINE>150</LINE><COLUMN>14</COLUMN></SFA><SFA><FILEPATH>c:\users\aliosha\documents\visual studio 2012\projects\understandapi-76924\managed\managedapi\derived\</FILEPATH><FILENAME>fileentity.cpp</FILENAME><LINE>151</LINE><COLUMN>14</COLUMN><KEYEVENT><ID>3</ID><KIND>usage</KIND><IMPORTANCE>Essential</IMPORTANCE><MESSAGE>'result' is dereferenced, but may still be NULL</MESSAGE></KEYEVENT></SFA></PATH></DEFECT></DEFECTS>