﻿<?xml version="1.0" encoding="utf-8"?>
<?xml-stylesheet type="text/xsl" href="c:\program files (x86)\microsoft visual studio 11.0\team tools\static analysis tools\fxcop\Xml\CodeAnalysisReport.xsl"?>
<FxCopReport Version="11.0">
 <Localized>
  <String Key="Category">Category</String>
  <String Key="Certainty">Certainty</String>
  <String Key="CollapseAll">Collapse All</String>
  <String Key="CheckId">Check Id</String>
  <String Key="Error">Error</String>
  <String Key="Errors">error(s)</String>
  <String Key="ExpandAll">Expand All</String>
  <String Key="Help">Help</String>
  <String Key="Line">Line</String>
  <String Key="Messages">message(s)</String>
  <String Key="LocationNotStoredInPdb">[Location not stored in Pdb]</String>
  <String Key="Project">Project</String>
  <String Key="Resolution">Resolution</String>
  <String Key="Rule">Rule</String>
  <String Key="RuleFile">Rule File</String>
  <String Key="RuleDescription">Rule Description</String>
  <String Key="Source">Source</String>
  <String Key="Status">Status</String>
  <String Key="Target">Target</String>
  <String Key="Warning">Warning</String>
  <String Key="Warnings">warning(s)</String>
  <String Key="ReportTitle">Code Analysis Report</String>
 </Localized>
 <Exceptions>
  <Exception Keyword="CA0055" Kind="AssemblyLoad">
   <Type>Microsoft.FxCop.Common.AssemblyLoadException</Type>
   <ExceptionMessage>* Could not load file: 'C:\Users\aliosha\Documents\Visual Studio 2012\Projects\understandapi-76924\Managed\ManagedAPI\x64\Debug\ManagedAPI.dll'.</ExceptionMessage>
  </Exception>
  <Exception Keyword="CA0052" Kind="Engine">
   <Type>Microsoft.FxCop.Sdk.FxCopException</Type>
   <ExceptionMessage>No targets were selected.</ExceptionMessage>
  </Exception>
 </Exceptions>
</FxCopReport>
